<?xml version="1.0" encoding="UTF-8" standalone="yes"?>
<addon id="repository.tugaleak" name="Tugaleak Repository" version="1.1" provider-name="FORCE.TEAM">
    <extension point="xbmc.addon.repository" name="Tugaleak Repository">
        <dir>
            <info compressed="false">https://raw.githubusercontent.com/bear-gold/Kodi-Addon-Tugaleak-Repo/master/zips/addons.xml</info>
            <checksum>https://raw.githubusercontent.com/bear-gold/Kodi-Addon-Tugaleak-Repo/master/zips/addons.xml.md5</checksum>
            <datadir zip="true">https://raw.githubusercontent.com/bear-gold/Kodi-Addon-Tugaleak-Repo/master/zips/</datadir>
        </dir>
    </extension>
    <extension point="xbmc.addon.metadata">
        <summary>Tugaleak Repository</summary>
        <description>With this addon you can watch the files available on your tugaleak.com</description>
        <disclaimer></disclaimer>
        <platform>all</platform>
        <assets>
            <icon>icon.png</icon>
            <fanart>fanart.jpg</fanart>
        </assets>
    </extension>
</addon>